user_id,group,age,subscription_status,purchase_amount
1,B,31,False,3998.34
2,A,60,False,2994.85
3,B,39,False,4802.19
4,A,43,False,3072.68
5,A,22,False,621.9
6,B,24,False,5073.58
7,B,42,False,579.72
8,B,24,False,3536.15
9,B,49,True,1154.52
10,B,54,False,2940.45
11,B,64,False,174.67
12,B,63,False,929.01
13,A,47,False,1892.42
14,A,42,True,627.01
15,A,24,True,4783.97
16,B,51,True,1920.17
17,B,28,False,3352.16
18,B,46,True,1667.71
19,B,21,False,7463.66
20,B,41,True,3578.35
21,B,24,False,2921.76
22,A,42,False,1693.04
23,B,42,True,484.32
24,B,33,True,2692.35
25,A,19,False,2136.03
26,A,47,False,2118.21
27,B,34,False,1182.4
28,B,49,False,10267.66
29,A,23,True,1316.2
30,B,51,False,3451.09
31,A,22,False,2303.32
32,B,30,False,2111.75
33,B,64,True,4166.32
34,B,64,False,1411.92
35,A,38,True,1227.03
36,B,40,False,509.22
37,A,53,True,3718.97
38,B,37,False,4709.12
39,B,39,True,2660.07
40,B,30,False,1523.57
41,B,29,False,1097.71
42,B,30,False,1195.01
43,A,18,True,4854.05
44,B,48,True,4082.35
45,B,60,True,5354.23
46,B,25,False,4620.15
47,A,21,False,2509.54
48,B,52,True,1835.62
49,B,54,True,15086.93
50,A,55,False,990.85
51,B,61,False,709.04
52,A,19,True,6750.47
53,A,56,False,1252.49
54,A,32,False,553.84
55,A,34,False,1249.1
56,A,51,False,1556.98
57,A,26,True,1246.6
58,A,54,True,3824.41
59,A,30,False,3788.43
60,B,36,False,1561.94
61,A,21,False,520.47
62,A,47,False,1758.56
63,A,60,True,2563.34
64,B,33,True,2771.03
65,A,37,True,4910.55
66,A,33,False,1624.23
67,A,23,False,2089.79
68,A,29,True,2334.96
69,B,40,False,1098.27
70,A,48,False,2668.31
71,A,30,False,1356.37
72,A,30,True,2105.56
73,B,34,True,2361.63
74,A,64,False,2880.38
75,A,45,False,1922.65
76,B,23,False,2385.59
77,A,19,False,3598.88
78,B,32,False,4240.28
79,B,60,True,1336.25
80,A,36,False,2188.63
81,B,64,False,3098.1
82,B,48,True,3417.96
83,A,54,False,1056.48
84,A,35,False,12890.43
85,B,25,True,5645.01
86,B,25,False,686.94
87,B,20,False,1282.49
88,B,30,False,6208.58
89,A,21,False,1606.67
90,A,33,False,778.42
91,A,38,False,594.87
92,B,62,False,604.35
93,B,54,False,1571.89
94,A,63,False,1144.88
95,B,34,False,2731.9
96,B,18,True,1582.36
97,B,51,True,1675.21
98,A,18,False,3062.04
99,A,43,False,2455.11
100,A,62,False,1994.48
101,B,38,False,9406.94
102,A,52,False,2533.96
103,B,40,True,3537.05
104,A,18,False,678.16
105,B,63,False,3798.16
106,B,28,True,1175.7
107,B,52,False,2036.39
108,B,34,False,7104.55
109,A,27,True,2614.94
110,B,55,False,1051.32
111,A,45,True,6465.15
112,A,57,False,953.98
113,B,40,False,920.95
114,A,59,False,2967.05
115,B,40,False,2272.63
116,A,51,False,1017.67
117,A,59,True,2524.19
118,B,22,False,6567.07
119,A,49,False,1823.08
120,B,55,True,6017.81
121,A,27,False,1321.59
122,B,45,False,1867.72
123,B,36,False,2095.7
124,B,28,False,6954.49
125,A,26,True,1841.54
126,A,22,False,2072.13
127,A,27,False,830.1
128,A,38,False,1629.69
129,A,43,True,5967.3
130,B,24,False,2122.72
131,A,39,True,250000.0
132,A,54,False,3576.78
133,B,50,False,3666.26
134,A,52,True,943.36
135,A,33,False,2643.23
136,B,27,False,2180.64
137,B,29,False,2428.28
138,A,30,True,2165.89
139,B,47,False,1411.86
140,A,19,True,1628.73
141,B,57,True,1898.96
142,A,32,False,1990.27
143,B,42,True,1745.01
144,B,41,False,185.15
145,A,63,False,864.43
146,A,53,False,2000.4
147,B,18,False,766.85
148,A,33,True,10802.14
149,B,28,False,1078.39
150,A,21,False,178.22
151,A,52,False,923.93
152,B,33,True,3296.13
153,B,62,True,5812.49
154,A,48,True,10994.24
155,B,32,False,1469.04
156,B,31,False,1135.3
157,B,63,True,2317.83
158,B,29,False,2529.12
159,A,49,False,1737.89
160,A,32,False,5103.06
161,A,58,False,1529.26
162,B,26,False,2301.77
163,B,62,False,1448.88
164,A,24,True,3468.2
165,A,26,False,2546.93
166,A,29,True,7303.37
167,A,43,False,6006.56
168,B,25,True,3870.53
169,B,35,False,3249.03
170,A,57,False,1707.39
171,B,29,False,5434.73
172,A,42,False,1729.15
173,B,26,True,5228.35
174,B,64,False,2810.7
175,B,23,True,2481.17
176,B,21,False,1999.12
177,B,44,True,1842.57
178,B,59,True,6267.57
179,B,64,False,802.19
180,A,25,False,2452.66
181,A,24,False,4771.8
182,B,21,True,3472.16
183,A,32,True,16439.03
184,A,57,False,1849.27
185,A,30,False,4289.98
186,A,23,False,2099.15
187,A,43,False,3909.91
188,A,18,False,1830.72
189,B,61,False,3265.11
190,B,32,False,738.27
191,B,22,False,2425.59
192,B,20,False,1477.52
193,B,28,True,2222.78
194,B,63,False,3322.03
195,A,47,True,1571.64
196,A,62,False,2807.48
197,A,62,True,5439.92
198,B,42,True,2272.63
199,A,31,True,3025.08
200,A,22,False,1162.38
201,A,28,True,1325.81
202,A,62,False,633.04
203,B,46,False,3037.0
204,B,55,True,2129.17
205,A,37,False,2296.18
206,A,36,False,1058.64
207,A,31,False,768.11
208,A,20,False,2727.46
209,A,61,False,2025.1
210,A,60,False,1228.81
211,B,21,False,2681.04
212,A,31,True,1193.03
213,A,38,True,2236.03
214,A,20,False,6632.54
215,A,35,True,3399.99
216,B,31,False,2151.56
217,B,60,True,3733.93
218,B,50,False,797.73
219,B,31,False,2123.73
220,B,20,True,800.26
221,B,53,False,2550.47
222,B,40,False,1692.32
223,B,39,True,8138.75
224,A,57,True,2164.7
225,A,35,True,7180.99
226,B,62,False,2450.77
227,A,26,False,1903.75
228,B,32,False,2338.08
229,B,62,False,703.99
230,A,19,False,771.17
231,A,20,False,6679.14
232,B,33,False,998.27
233,B,43,False,1921.39
234,A,49,False,227.5
235,A,51,False,2115.92
236,B,24,True,1907.75
237,A,27,False,2117.69
238,B,40,False,4580.22
239,A,30,False,3542.24
240,A,42,True,4031.97
241,A,64,False,2946.78
242,A,30,False,1802.84
243,A,60,True,2895.54
244,A,21,False,945.58
245,B,63,False,4122.55
246,A,49,True,6584.2
247,A,38,True,1002.62
248,B,49,True,3954.45
249,A,52,False,1107.4
250,B,56,False,641.79
251,B,63,False,6235.44
252,A,28,False,7016.65
253,B,33,False,1184.12
254,A,31,False,6583.36
255,B,40,False,819.85
256,A,61,True,2425.5
257,A,30,True,3508.08
258,B,35,True,1218.29
259,A,33,False,3004.23
260,B,40,True,6438.75
261,A,47,False,1548.55
262,A,52,False,679.15
263,A,42,False,2162.52
264,B,49,False,3046.83
265,A,51,False,677.16
266,B,26,False,4674.65
267,A,38,False,1004.58
268,A,63,True,367.21
269,A,42,False,2821.39
270,A,42,False,11302.22
271,A,34,False,500000.0
272,B,33,False,4746.71
273,B,29,True,3746.02
274,A,62,True,2207.39
275,A,32,False,987.72
276,B,37,False,478.78
277,A,44,False,1259.1
278,A,18,True,1670.52
279,A,57,False,537.76
280,A,27,False,3667.39
281,B,59,True,1285.43
282,A,28,False,4590.72
283,A,18,True,3807.77
284,B,36,True,2612.15
285,B,35,False,353.05
286,A,54,False,4753.77
287,A,48,False,3168.26
288,B,55,True,15896.97
289,B,57,False,3005.31
290,B,44,False,1512.06
291,A,61,True,1766.39
292,B,18,False,496.65
293,A,52,False,1600.42
294,B,23,False,1075.54
295,A,40,False,1603.52
296,B,64,True,3269.83
297,A,62,True,2522.58
298,B,56,False,588.7
299,B,26,False,2610.62
300,A,20,True,1814.97
301,A,32,False,2762.12
302,A,64,True,1048.78
303,A,64,False,2782.22
304,A,43,True,2990.82
305,B,48,False,5967.9
306,B,62,False,7867.9
307,B,51,True,3058.87
308,A,59,True,1751.92
309,B,34,True,1767.29
310,B,47,False,3817.9
311,B,34,False,5866.05
312,A,21,False,1772.2
313,B,26,False,2873.92
314,A,46,False,442.02
315,B,39,False,3909.26
316,B,25,False,14239.39
317,A,36,False,4186.59
318,A,29,False,6574.6
319,B,35,True,2910.82
320,A,34,False,1483.65
321,B,55,True,4499.9
322,B,49,True,9488.96
323,B,49,False,1397.85
324,A,51,True,2095.03
325,B,38,False,950.95
326,B,53,False,416.15
327,B,27,True,4520.82
328,B,37,False,583.49
329,B,64,False,13996.46
330,B,30,False,6386.63
331,B,27,True,1969.94
332,B,45,True,2632.49
333,B,23,True,1409.38
334,B,62,True,2218.97
335,B,24,False,2084.24
336,B,50,False,1925.44
337,A,54,False,581.32
338,A,19,False,1611.19
339,A,37,False,2112.25
340,A,43,False,5498.14
341,A,39,False,2528.08
342,A,28,False,819.17
343,B,46,False,664.32
344,A,52,False,1876.47
345,B,45,False,989.13
346,A,29,False,1998.55
347,A,59,False,1524.23
348,B,53,False,2343.7
349,A,48,True,2354.08
350,B,63,False,1276.16
351,A,21,True,7854.07
352,A,55,False,1164.16
353,A,54,True,2095.63
354,A,41,False,1182.28
355,A,55,True,3972.29
356,A,49,True,3231.77
357,B,53,True,2051.94
358,A,25,True,2820.17
359,B,64,False,2951.94
360,A,56,True,7055.07
361,B,30,False,2792.35
362,A,49,False,1786.03
363,A,34,False,2260.22
364,B,52,False,1157.49
365,B,23,True,11881.94
366,B,63,False,4937.45
367,B,59,False,933.08
368,B,34,False,1072.66
369,A,64,False,2909.69
370,B,39,True,1620.72
371,A,20,False,2196.61
372,B,62,False,3812.62
373,B,43,False,4268.02
374,A,22,True,8608.25
375,A,41,True,5284.87
376,B,36,False,4319.95
377,B,40,False,1028.64
378,B,48,False,4680.75
379,A,42,False,2890.99
380,A,59,False,3726.21
381,A,64,False,1399.29
382,B,25,True,801.85
383,B,56,False,2286.66
384,B,40,True,10875.16
385,A,35,False,5538.53
386,A,22,False,4392.97
387,A,61,False,2011.9
388,B,57,True,3310.89
389,B,41,False,1872.22
390,A,47,False,1508.42
391,A,37,False,5722.12
392,A,37,False,5582.98
393,B,64,True,2461.94
394,A,34,True,4350.25
395,B,28,True,1902.34
396,A,56,True,9375.6
397,A,22,False,3837.66
398,A,18,False,3001.96
399,A,40,False,1180.67
400,B,63,True,2632.89
401,B,59,False,1277.17
402,A,31,False,976.55
403,A,25,True,2335.28
404,B,62,False,3478.0
405,A,40,False,4723.62
406,B,45,True,1447.43
407,A,57,True,4644.9
408,A,26,False,2123.62
409,B,63,False,867.03
410,A,52,False,2714.58
411,B,52,False,3771.62
412,A,49,False,2393.48
413,B,49,False,994.49
414,B,34,False,1574.82
415,A,41,False,9376.82
416,A,53,False,1162.72
417,A,29,True,2294.45
418,A,19,True,5496.97
419,A,53,False,2239.29
420,A,34,False,1607.44
421,A,47,False,1849.47
422,B,59,False,8999.05
423,B,22,False,865.63
424,A,23,False,605.77
425,A,48,True,5549.18
426,A,19,False,571.33
427,A,41,True,11409.11
428,A,53,True,4653.25
429,A,42,True,9211.79
430,A,23,False,2684.43
431,A,36,True,1107.35
432,B,37,False,1425.03
433,B,61,True,2230.85
434,A,34,True,10379.89
435,B,58,False,2793.02
436,A,34,False,2246.8
437,B,30,False,2115.86
438,B,47,True,9711.53
439,A,31,False,1645.08
440,B,35,False,2095.91
441,A,38,False,1077.56
442,A,46,False,2788.25
443,A,26,False,207.97
444,B,29,False,1134.04
445,A,56,False,372.27
446,B,54,False,1989.55
447,A,31,False,10218.98
448,B,48,False,2378.39
449,B,64,True,1610.63
450,A,43,False,14491.92
451,B,23,True,2389.03
452,A,56,False,1363.03
453,A,38,False,1719.74
454,A,25,False,1670.13
455,A,29,False,2953.7
456,A,59,True,1620.76
457,A,29,True,2662.9
458,A,30,True,2758.61
459,B,50,False,4055.6
460,A,26,False,1117.56
461,B,28,False,5633.03
462,A,43,False,4607.48
463,B,49,True,1670.66
464,B,36,False,1579.62
465,A,21,False,3318.08
466,A,32,False,3119.77
467,B,44,False,5462.86
468,A,28,False,2812.96
469,A,21,False,881.15
470,B,43,False,1161.11
471,B,55,True,1249.86
472,B,59,False,599.77
473,B,31,True,6575.66
474,B,48,False,9028.7
475,B,41,False,12366.33
476,B,56,True,2992.99
477,B,62,False,2674.05
478,A,33,False,3561.5
479,B,39,False,2297.17
480,B,21,False,497.28
481,B,29,False,1051.35
482,A,26,False,1760.76
483,A,59,False,2134.85
484,B,39,False,466.68
485,A,45,False,2824.96
486,B,54,False,1352.53
487,A,20,True,17061.57
488,B,48,True,12540.14
489,A,52,True,1559.22
490,B,36,True,3714.95
491,A,53,False,2068.89
492,B,22,True,6231.6
493,A,37,False,2726.79
494,B,57,True,20476.05
495,A,47,False,1031.13
496,B,37,False,2852.11
497,B,59,False,1558.95
498,B,47,True,2669.79
499,A,49,False,2874.71
500,B,19,True,496.7
501,A,63,False,1618.47
502,B,38,False,2605.56
503,A,52,False,1444.42
504,A,49,True,1854.82
505,B,48,False,610.78
506,B,45,True,2494.66
507,A,60,False,1136.36
508,A,41,False,484.77
509,A,50,False,778.25
510,A,26,False,439.33
511,B,60,False,560.32
512,A,20,False,1110.31
513,B,20,True,3631.62
514,B,25,True,6298.0
515,B,44,False,4387.64
516,A,28,False,709.15
517,A,60,True,2844.58
518,B,56,True,3880.16
519,A,37,True,752.87
520,A,29,True,2928.84
521,B,64,True,7023.67
522,A,64,True,1776.8
523,B,42,False,5595.83
524,B,37,False,4378.32
525,A,64,False,1038.65
526,B,56,False,4793.47
527,A,33,True,2548.33
528,B,64,False,1740.33
529,B,64,False,5232.03
530,B,51,False,1007.53
531,A,35,False,1325.39
532,A,55,True,1628.27
533,B,22,False,4668.36
534,B,57,False,1352.96
535,B,50,True,12138.09
536,A,42,True,2142.02
537,B,20,False,311.36
538,A,45,False,1145.28
539,B,53,True,1088.02
540,B,32,False,1872.54
541,A,53,False,1750.88
542,A,40,False,2481.56
543,B,50,True,1610.55
544,A,23,True,1315.98
545,B,30,True,3049.81
546,B,34,False,2958.07
547,A,34,False,1799.28
548,A,28,False,843.31
549,B,49,False,7110.78
550,A,35,False,609.18
551,B,35,False,1581.78
552,A,48,False,2438.76
553,A,53,True,2744.12
554,A,45,True,1220.21
555,A,29,False,2596.44
556,B,50,False,3630.18
557,A,20,True,1377.32
558,B,38,False,5891.3
559,B,57,False,6397.47
560,B,33,False,2351.97
561,A,25,False,398.76
562,A,18,False,1039.05
563,B,19,False,1564.96
564,A,30,False,6067.85
565,B,48,False,1753.19
566,A,59,False,2517.54
567,B,44,False,442.04
568,A,58,False,2454.18
569,B,57,False,4673.32
570,B,30,False,3944.82
571,A,55,True,2573.1
572,A,24,True,3160.05
573,B,41,False,1907.58
574,B,28,False,616.74
575,B,58,True,3898.29
576,A,31,False,8266.0
577,B,48,False,2010.98
578,A,32,True,3533.94
579,A,20,False,747.79
580,A,47,False,986.9
581,B,33,False,4017.47
582,B,63,True,2777.4
583,A,49,True,2905.56
584,B,33,True,5119.83
585,B,45,False,932.55
586,A,54,True,2265.97
587,B,48,True,2124.49
588,B,36,True,1173.72
589,A,49,False,1931.07
590,B,58,True,6629.61
591,B,26,False,2563.32
592,A,29,False,2341.3
593,A,59,True,4335.34
594,B,35,True,1868.02
595,A,51,False,9414.63
596,A,45,False,2570.9
597,B,45,False,4576.37
598,A,39,True,15234.41
599,A,63,False,1510.49
600,B,26,False,839.2
601,A,48,False,3118.79
602,A,33,False,3284.61
603,A,55,False,9611.35
604,A,29,False,6368.95
605,B,33,False,6541.2
606,A,49,True,1291.53
607,B,18,True,3004.75
608,B,38,False,3038.04
609,A,58,True,923.12
610,B,28,True,7683.71
611,A,39,False,3023.52
612,A,30,False,1367.3
613,A,54,False,181.67
614,B,63,False,1151.25
615,B,53,False,1803.17
616,A,34,False,2895.35
617,A,44,False,5176.74
618,A,49,False,1433.37
619,B,61,False,1484.97
620,A,25,False,5783.17
621,B,53,False,1469.79
622,A,51,False,3186.52
623,B,62,False,918.66
624,A,48,True,3594.32
625,B,32,False,1751.72
626,A,41,False,300000.0
627,A,40,False,1291.88
628,B,46,False,3109.76
629,B,49,True,4088.57
630,A,18,True,2505.78
631,B,57,True,2670.26
632,A,51,False,2826.12
633,A,19,True,674.31
634,A,44,True,6153.12
635,B,41,False,5187.87
636,A,38,True,3715.44
637,B,46,True,3239.49
638,A,32,False,3428.76
639,B,39,False,2260.17
640,B,40,False,1367.24
641,A,40,False,1574.26
642,A,32,False,1178.28
643,B,27,True,5525.73
644,B,57,False,2187.9
645,B,38,True,10087.75
646,B,25,False,520.76
647,B,37,True,4049.47
648,B,33,True,3996.81
649,B,24,True,3246.11
650,B,27,False,572.14
651,B,41,False,1265.29
652,B,60,True,2074.85
653,B,57,False,772.85
654,B,52,False,3886.88
655,A,22,False,4027.24
656,A,59,True,2147.41
657,A,57,True,3140.55
658,B,52,False,2104.15
659,A,25,False,3041.67
660,A,33,True,3401.92
661,B,47,True,851.55
662,A,43,True,6797.94
663,B,43,False,2112.62
664,B,22,False,504.84
665,B,57,True,4069.54
666,B,34,False,3700.25
667,B,38,False,694.57
668,A,59,False,4168.57
669,B,56,False,1282.38
670,A,61,False,5384.68
671,A,37,True,3035.63
672,A,20,True,2653.46
673,A,48,False,1777.4
674,A,19,True,3288.11
675,B,26,False,940.54
676,A,46,False,978.25
677,B,45,True,12214.64
678,B,25,False,514.71
679,A,64,True,6465.6
680,A,45,False,3647.84
681,A,35,False,2677.88
682,B,57,False,1059.43
683,A,46,True,10244.26
684,B,52,False,1709.35
685,A,28,False,1348.0
686,A,41,False,2238.68
687,B,33,False,1684.75
688,B,34,False,3472.36
689,B,25,False,3034.36
690,A,34,False,9522.36
691,B,55,False,8165.47
692,A,21,False,427.7
693,B,64,False,3213.65
694,B,62,False,1018.96
695,B,38,False,1348.22
696,A,60,True,6427.94
697,A,26,True,3918.42
698,A,39,True,1925.56
699,B,18,False,505.53
700,A,55,False,1159.61
701,B,49,False,517.99
702,B,52,True,4171.8
703,B,56,True,4200.05
704,B,61,False,6152.42
705,B,54,False,812.86
706,A,35,False,1003.83
707,A,30,False,2444.92
708,A,42,False,1156.16
709,A,37,False,3370.07
710,B,23,False,1642.04
711,A,53,False,7968.68
712,B,52,False,3254.85
713,B,44,False,1717.61
714,B,62,False,802.87
715,B,26,False,786.88
716,B,30,False,1052.46
717,A,36,True,7541.88
718,A,37,False,4121.48
719,A,59,False,1854.93
720,B,21,False,1032.67
721,B,52,True,5800.57
722,B,62,False,260.06
723,B,20,False,989.57
724,A,52,False,1344.14
725,A,19,False,647.82
726,B,57,True,3131.85
727,A,55,False,1850.1
728,A,62,False,3188.17
729,B,43,True,1251.23
730,A,57,False,926.79
731,A,49,False,1863.86
732,A,57,False,2571.85
733,A,29,False,317.94
734,B,30,False,2630.74
735,A,39,False,1246.76
736,A,47,False,23259.9
737,A,45,True,1811.02
738,B,21,False,10204.7
739,B,58,True,3362.16
740,A,42,False,3769.33
741,A,19,True,4889.96
742,B,24,True,2503.24
743,A,51,False,1640.25
744,A,62,False,615.98
745,B,47,False,2858.54
746,B,51,False,4264.18
747,B,37,False,8528.28
748,B,49,False,2341.47
749,A,50,False,2082.14
750,A,40,True,3131.07
751,A,40,False,4011.17
752,A,19,True,3555.5
753,B,39,True,2653.02
754,B,60,True,8208.15
755,A,23,False,1071.42
756,A,61,False,323.01
757,A,46,False,512.29
758,A,61,False,1009.89
759,A,18,False,2316.6
760,B,32,False,11561.82
761,A,37,False,4244.33
762,B,43,False,1110.06
763,B,61,False,9511.04
764,A,27,False,14352.09
765,A,30,False,6305.7
766,B,56,False,7056.98
767,A,39,False,627.36
768,B,25,False,3273.78
769,A,59,True,5658.13
770,B,48,False,1041.74
771,B,19,False,1443.66
772,A,32,True,4954.93
773,B,29,True,548.34
774,A,39,False,1514.74
775,A,46,False,1967.07
776,B,31,True,6027.66
777,A,32,False,4964.5
778,A,40,False,2915.86
779,A,57,False,2163.67
780,A,56,True,2013.64
781,B,45,False,6009.32
782,B,27,False,2603.76
783,A,38,False,4532.43
784,B,55,False,1042.61
785,A,22,False,4097.19
786,B,47,True,4741.19
787,A,31,False,1418.64
788,B,24,False,273.05
789,B,30,True,550.31
790,A,20,True,1483.33
791,A,37,True,934.94
792,B,31,False,2714.24
793,A,28,False,1570.72
794,A,56,False,1626.02
795,B,53,False,4675.74
796,A,27,False,1069.01
797,B,44,True,1963.62
798,B,29,False,1899.5
799,A,28,False,375.0
800,A,58,True,1896.2
801,B,27,True,1660.28
802,A,48,True,1154.27
803,A,35,False,2473.63
804,B,41,False,1757.22
805,B,61,False,1325.89
806,B,28,False,1773.16
807,B,54,True,1333.38
808,B,39,False,1151.4
809,A,64,False,2777.23
810,A,55,False,550.9
811,A,41,False,1891.87
812,B,29,False,1490.72
813,B,59,False,1581.77
814,A,41,False,1493.47
815,A,33,False,2537.36
816,B,59,False,5038.25
817,A,58,True,1283.2
818,B,36,False,406.17
819,B,39,False,7598.05
820,A,60,True,7030.28
821,A,61,False,2747.01
822,A,53,False,1508.41
823,B,23,False,1140.01
824,B,22,False,4709.35
825,B,55,True,2002.52
826,B,33,False,5958.54
827,B,37,True,5313.26
828,B,54,True,9028.88
829,B,35,False,1965.22
830,A,60,True,3938.71
831,B,57,False,1671.25
832,B,59,False,813.46
833,B,64,False,1908.9
834,A,46,False,3018.98
835,B,44,True,4244.15
836,A,59,False,3337.12
837,A,27,True,2025.36
838,B,48,True,1243.69
839,B,40,False,9051.72
840,B,46,False,796.84
841,A,62,True,1279.21
842,A,39,False,1258.18
843,B,30,False,915.6
844,A,35,True,2676.66
845,B,48,False,2547.97
846,A,33,False,3882.54
847,A,40,False,3318.69
848,A,62,False,823.87
849,B,34,False,3185.89
850,B,61,False,1190.0
851,B,61,True,8630.41
852,A,36,False,1455.49
853,B,42,False,200000.0
854,B,25,False,3390.19
855,B,62,False,1675.33
856,B,36,False,1232.75
857,A,48,True,7778.8
858,A,26,False,5187.02
859,A,21,False,4860.39
860,B,36,True,1343.56
861,B,63,False,3965.6
862,A,34,True,1865.54
863,B,45,False,2162.74
864,A,44,False,2842.41
865,B,44,False,2264.15
866,B,21,True,905.01
867,A,60,False,2108.3
868,A,36,False,1265.03
869,B,54,False,736.44
870,B,44,False,3522.14
871,B,38,False,748.02
872,B,56,True,4545.32
873,B,19,False,1619.77
874,B,23,False,1059.47
875,A,45,False,1285.51
876,B,63,True,2868.39
877,A,39,True,3098.36
878,B,45,True,3845.71
879,A,48,True,1142.1
880,B,62,False,798.72
881,A,54,True,1792.98
882,B,31,True,1131.86
883,B,32,True,2091.42
884,A,34,False,7636.94
885,A,61,False,1254.29
886,B,49,False,7617.09
887,A,63,False,662.86
888,B,25,False,809.72
889,B,44,True,1212.25
890,A,59,False,1726.59
891,B,64,False,1222.83
892,B,46,False,2904.51
893,B,19,False,1577.9
894,A,54,False,1218.04
895,A,33,True,2012.63
896,A,31,False,475.86
897,B,49,True,4734.23
898,A,34,False,1536.31
899,B,34,False,6709.59
900,B,37,False,1108.3
901,B,19,False,806.11
902,A,19,False,1696.44
903,B,38,True,8180.74
904,B,25,True,3811.7
905,B,55,False,3633.55
906,A,47,False,1380.68
907,B,22,True,8843.95
908,B,27,False,5506.04
909,B,31,False,7198.09
910,A,22,True,10337.39
911,A,43,True,8146.68
912,A,21,False,1536.19
913,A,32,True,11882.61
914,B,40,False,551.19
915,A,40,False,3578.62
916,A,33,False,621.24
917,A,31,False,2105.69
918,B,18,True,2880.77
919,B,56,True,2718.68
920,B,27,False,2126.72
921,B,56,True,1073.6
922,A,37,False,4127.7
923,A,48,True,3638.61
924,B,49,False,747.93
925,A,26,False,1063.88
926,A,64,True,1425.85
927,A,42,False,752.18
928,B,59,False,954.67
929,A,43,True,6285.42
930,A,41,False,6106.16
931,A,62,False,3864.72
932,A,41,False,722.65
933,A,52,True,5632.64
934,A,52,False,1142.58
935,B,64,True,976.59
936,B,57,False,1694.98
937,B,23,True,4664.83
938,B,61,True,4258.16
939,B,39,False,2227.29
940,B,49,False,533.56
941,A,49,True,2969.3
942,B,46,True,1648.05
943,B,38,False,9367.16
944,A,21,True,2757.56
945,B,43,False,2070.38
946,B,42,False,6714.14
947,A,36,False,964.11
948,A,44,False,517.73
949,B,51,False,10034.82
950,A,22,False,234.36
951,A,18,True,2141.25
952,B,51,True,3846.87
953,A,34,False,6876.9
954,A,50,True,863.37
955,A,19,True,389.97
956,A,47,False,1274.15
957,A,23,False,686.97
958,B,57,True,1018.44
959,B,57,False,2467.26
960,B,53,True,5960.58
961,B,52,False,4827.75
962,A,46,False,2055.88
963,B,58,True,1263.15
964,A,23,False,6214.22
965,B,25,False,2488.36
966,A,56,True,1794.76
967,A,59,False,1884.76
968,B,34,True,9978.44
969,A,49,False,649.21
970,A,62,False,1771.46
971,A,60,False,496.19
972,A,32,False,1048.54
973,B,23,False,12731.09
974,B,34,False,3147.88
975,A,19,False,2335.14
976,A,31,False,2943.37
977,B,36,False,724.58
978,B,48,False,4824.91
979,A,52,False,1469.63
980,B,33,False,4622.91
981,A,42,False,150000.0
982,B,61,True,961.02
983,B,51,True,3519.6
984,B,29,True,7017.62
985,A,37,True,1626.68
986,B,34,False,2362.71
987,A,30,True,4275.48
988,A,41,False,1552.24
989,A,56,False,811.35
990,B,63,True,2787.03
991,B,61,False,1319.92
992,A,50,False,1349.84
993,B,37,False,3830.03
994,A,40,False,3222.48
995,A,39,True,1739.03
996,B,56,False,2884.6
997,B,57,False,1096.14
998,A,43,False,1843.42
999,B,29,False,4905.9
1000,A,32,False,1222.25
